"","id","expr","polarity","list","primetype","setup","question","response","type"
"1","presents","about","negative",1,"primed","This year at Christmas, Suzy got about   15 presents from her aunts, uncles and cousins","Were the relatives equally generous to her sister Tammy?","Tammy didn't get about   15 presents from her relatives","critical"
"2","builders","between","positive",1,"primed","Last year, the construction company built between   70  and  80 houses in all across the country","Is the company's performance similar this year?","The company has built between   70  and  80 houses this year","critical"
"3","jobposting","morethan","negative",1,"primed","The last time we advertised a job opening, more than   30 people applied from all over the country","Are we seeing similar results for the currently advertised job?","We haven't received more than   30 applications for the current job opening","critical"
"4","algebra","atleast","positive",1,"primed","We predicted that at least   40 sophomores would register for the advanced algebra class","Are the registrations in line with what we expected?","There are at least   40 sophomores registered for the class ","critical"
"5","chairs","some","negative",1,"primed","This evening,  committee members will be coming for the  planning meeting","Are there some seats in the meeting room?","We haven't set up some chairs in the meeting room","critical"
"6","journalist","any","positive",1,"primed","The famous journalist has published  in-depth articles in the New York Times","Has she published any articles in the Washington Post?","The journalist has written any articles for the Washington Post","critical"
"7","tulips","bare","negative",1,"primed","We have space in the garden to plant    40 tulips","Is that enough for the tulip bulbs that we bought?","We didn't buy    40 tulip bulbs","critical"
"8","tickets","about","positive",1,"primed","We have about   20 free concert tickets available for listeners who call the station today","Is that enough for all the listeners who have called so far?","We've gotten calls from about   20 listeners","critical"
"9","nominees","between","negative",1,"primed","Our high school has money for between   15  and  20 scholarships to graduating seniors nominated by their peers","Is that enough for the students who have been nominated so far?","The student body hasn't nominated between   15  and  20 seniors","critical"
"10","salesmeeting","morethan","positive",1,"primed","In two weeks, more than   60 regional employees will be flying to company headquarters for the annual sales meeting","Have we booked hotel rooms for them?","We've made more than   60 hotel reservations","critical"
"11","exam","atleast","negative",1,"primed","If a student's exam paper contains at least   10 misspelled words, it may need to be rewritten","Will Connor's exam paper need to be rewritten?","There weren't at least   10 spelling errors in his exam","critical"
"12","voting","some","positive",1,"primed","The Board of Elections predicted that  overseas voters would vote by mail","Have some absentee ballots already been mailed in?","We've received some absentee ballots ","critical"
"13","delegates","any","negative",1,"primed","This afternoon,  delegates will be arriving to attend the convention","Do we have any copies of the agenda for them?","We haven't printed any copies of the agenda","critical"
"14","cakes","bare","positive",1,"primed","The hotel has ordered    8 large chocolate cakes for the party tonight","Have we baked enough cakes to fill their order?","The baker has made    8 chocolate cakes","critical"
"15","builders","about","negative",2,"primed","Last year, the construction company built about   80 houses in all across the country","Is the company's performance similar this year?","The company hasn't built about   80 houses this year","critical"
"16","jobposting","between","positive",2,"primed","The last time we advertised a job opening, between   20  and  30 people applied from all over the country","Are we seeing similar results for the currently advertised job?","We've received between   20  and  30 applications for the current job opening","critical"
"17","algebra","morethan","negative",2,"primed","We predicted that more than   40 sophomores would register for the advanced algebra class","Are the registrations in line with what we expected?","There aren't more than   40 sophomores registered for the class","critical"
"18","chairs","atleast","positive",2,"primed","This evening, at least   16 committee members will be coming for the  planning meeting","Do we have enough seats in the meeting room?","We've set up at least   16 chairs in the meeting room","critical"
"19","journalist","some","negative",2,"primed","The famous journalist has published  in-depth articles in the New York Times","Has she also published some articles in The Washington Post?","The journalist hasn't written some articles for the Washington Post","critical"
"20","tulips","any","positive",2,"primed","We have space in the garden to plant  tulips","Did we buy any tulip bulbs?","We bought any tulip bulbs","critical"
"21","tickets","bare","negative",2,"primed","We have    20 free concert tickets available for listeners who call the station today","Is that enough for all the listeners who have called so far?","We haven't gotten calls from    20 listeners","critical"
"22","nominees","about","positive",2,"primed","Our high school has money for about   20 scholarships to graduating seniors nominated by their peers","Is that enough for the students who have been nominated so far?","The student body has thought of about   20 seniors to nominate","critical"
"23","salesmeeting","between","negative",2,"primed","In two weeks, between   50  and  60 regional employees will be flying to company headquarters for the annual sales meeting","Have we booked hotel rooms for them?","We haven't made between   50  and  60 hotel reservations","critical"
"24","exam","morethan","positive",2,"primed","If a student's exam paper contains more than   10 misspelled words, it may need to be rewritten","Will Connor's exam paper need to be rewritten?","There were more than   10 spelling errors in his exam","critical"
"25","voting","atleast","negative",2,"primed","The Board of Elections predicted that at least   200 overseas voters would vote by mail","Is that how many absentee ballots have been mailed in?","We haven't received at least   200 absentee ballots","critical"
"26","delegates","some","positive",2,"primed","This afternoon,  delegates will be arriving to attend the convention","Do we have some copies of the agenda for them?","We've printed some copies of the agenda","critical"
"27","cakes","any","negative",2,"primed","The hotel has ordered  large chocolate cakes for the party tonight","Have we baked any cakes to fill their order?","The baker hasn't made any chocolate cakes","critical"
"28","presents","bare","positive",2,"primed","This year at Christmas, Suzy got    15 presents from her aunts, uncles and cousins","Were the relatives equally generous to her sister Tammy?","Tammy got    15 presents from her relatives","critical"
"29","jobposting","about","negative",3,"primed","The last time we advertised a job opening, about   30 people applied from all over the country","Are we seeing similar results for the currently advertised job?","We haven't received about   30 applications for the current job opening","critical"
"30","algebra","between","positive",3,"primed","We predicted that between   30  and  40 sophomores would register for the advanced algebra class","Are the registrations in line with what we expected?","There are between   30  and  40 sophomores registered for the class ","critical"
"31","chairs","morethan","negative",3,"primed","This evening, more than   16 committee members will be coming for the  planning meeting","Do we have enough seats in the meeting room?","We haven't set up more than   16 chairs in the meeting room","critical"
"32","journalist","atleast","positive",3,"primed","The famous journalist has published at least   15 in-depth articles in the New York Times","Has her work appeared as frequently in The Washington Post?","The journalist has written at least   15 articles for the Washington Post","critical"
"33","tulips","some","negative",3,"primed","We have space in the garden to plant  tulips","Did we buy some tulip bulbs?","We didn't buy some tulip bulbs","critical"
"34","tickets","any","positive",3,"primed","We have  free concert tickets available for listeners who call the station today","Have any listeners called so far?","We've gotten calls from any listeners","critical"
"35","nominees","bare","negative",3,"primed","Our high school has money for    20 scholarships to graduating seniors nominated by their peers","Is that enough for the students who have been nominated so far?","The student body hasn't nominated    20 seniors","critical"
"36","salesmeeting","about","positive",3,"primed","In two weeks, about   60 regional employees will be flying to company headquarters for the annual sales meeting","Have we booked hotel rooms for them?","We've made about   60 hotel reservations","critical"
"37","exam","between","negative",3,"primed","If a student's exam paper contains between   5  and  10 misspelled words, it may need to be rewritten","Will Connor's exam paper need to be rewritten?","There weren't between   5  and  10 spelling errors in his exam","critical"
"38","voting","morethan","positive",3,"primed","The Board of Elections predicted that more than   200 overseas voters would vote by mail","Is that how many absentee ballots have been mailed in?","We've received more than   200 absentee ballots ","critical"
"39","delegates","atleast","negative",3,"primed","This afternoon, at least   20 delegates will be arriving to attend the convention","Do we have enough copies of the agenda for them? ","We haven't printed at least   20 copies of the agenda","critical"
"40","cakes","some","positive",3,"primed","The hotel has ordered  large chocolate cakes for the party tonight","Have we baked some cakes to fill their order?","The baker has made some chocolate cakes","critical"
"41","presents","any","negative",3,"primed","This year at Christmas, Suzy got  presents from her aunts, uncles and cousins","Did her sister Tammy get any presents from her relatives?","Tammy didn't get any presents from her relatives","critical"
"42","builders","bare","positive",3,"primed","Last year, the construction company built    80 houses in all across the country","Is the company's performance similar this year?","The company has built    80 houses this year","critical"
"43","algebra","about","negative",4,"primed","We predicted that about   40 sophomores would register for the advanced algebra class","Are the registrations in line with what we expected?","There aren't about   40 sophomores registered for the class","critical"
"44","chairs","between","positive",4,"primed","This evening, between   14  and  16 committee members will be coming for the  planning meeting","Do we have enough seats in the meeting room?","We've set up between   14  and  16 chairs in the meeting room","critical"
"45","journalist","morethan","negative",4,"primed","The famous journalist has published more than   15 in-depth articles in the New York Times","Has her work appeared as frequently in The Washington Post?","The journalist hasn't written more than   15 articles for the Washington Post","critical"
"46","tulips","atleast","positive",4,"primed","We have space in the garden to plant at least   40 tulips","Is that enough for the tulip bulbs that we bought?","We bought at least   40 tulip bulbs","critical"
"47","tickets","some","negative",4,"primed","We have  free concert tickets available for listeners who call the station today","Have some listeners already called?","We haven't gotten calls from some listeners","critical"
"48","nominees","any","positive",4,"primed","Our high school has money for  scholarships to graduating seniors nominated by their peers","Have any students been nominated so far?","The student body has thought of any seniors to nominate","critical"
"49","salesmeeting","bare","negative",4,"primed","In two weeks,    60 regional employees will be flying to company headquarters for the annual sales meeting","Have we booked hotel rooms for them?","We haven't made    60 hotel reservations","critical"
"50","exam","about","positive",4,"primed","If a student's exam paper contains about   10 misspelled words, it may need to be rewritten","Will Connor's exam paper need to be rewritten?","There were about   10 spelling errors in his exam","critical"
"51","voting","between","negative",4,"primed","The Board of Elections predicted that between   150  and  200 overseas voters would vote by mail","Is that how many absentee ballots have been mailed in?","We haven't received between   150  and  200 absentee ballots","critical"
"52","delegates","morethan","positive",4,"primed","This afternoon, more than   20 delegates will be arriving to attend the convention","Do we have enough copies of the agenda for them? ","We've printed more than   20 copies of the agenda","critical"
"53","cakes","atleast","negative",4,"primed","The hotel has ordered at least   8 large chocolate cakes for the party tonight","Have we baked enough cakes to fill their order?","The baker hasn't made at least   8 chocolate cakes","critical"
"54","presents","some","positive",4,"primed","This year at Christmas, Suzy got  presents from her aunts, uncles and cousins","Did her sister Tammy also get some presents from her relatives?","Tammy got some presents from her relatives","critical"
"55","builders","any","negative",4,"primed","Last year, the construction company built  houses in all across the country","Has the company completed any houses this year?","The company hasn't built any houses this year","critical"
"56","jobposting","bare","positive",4,"primed","The last time we advertised a job opening,    30 people applied from all over the country","Are we seeing similar results for the currently advertised job?","We've received    30 applications for the current job opening","critical"
"57","chairs","about","negative",5,"primed","This evening, about   16 committee members will be coming for the  planning meeting","Do we have enough seats in the meeting room?","We haven't set up about   16 chairs in the meeting room","critical"
"58","journalist","between","positive",5,"primed","The famous journalist has published between   10  and  15 in-depth articles in the New York Times","Has her work appeared as frequently in The Washington Post?","The journalist has written between   10  and  15 articles for the Washington Post","critical"
"59","tulips","morethan","negative",5,"primed","We have space in the garden to plant more than   40 tulips","Is that enough for the tulip bulbs that we bought?","We didn't buy more than   40 tulip bulbs","critical"
"60","tickets","atleast","positive",5,"primed","We have at least   20 free concert tickets available for listeners who call the station today","Is that enough for all the listeners who have called so far?","We've gotten calls from at least   20 listeners","critical"
"61","nominees","some","negative",5,"primed","Our high school has money for  scholarships to graduating seniors nominated by their peers","Have some students already been nominated?","The student body hasn't nominated some seniors","critical"
"62","salesmeeting","any","positive",5,"primed","In two weeks,  regional employees will be flying to company headquarters for the annual sales meeting","Have we booked any hotel rooms for them?","We've made any hotel reservations","critical"
"63","exam","bare","negative",5,"primed","If a student's exam paper contains    10 misspelled words, it may need to be rewritten","Will Connor's exam paper need to be rewritten?","There weren't    10 spelling errors in his exam","critical"
"64","voting","about","positive",5,"primed","The Board of Elections predicted that about   200 overseas voters would vote by mail","Is that how many absentee ballots have been mailed in?","We've received about   200 absentee ballots ","critical"
"65","delegates","between","negative",5,"primed","This afternoon, between   15  and  20 delegates will be arriving to attend the convention","Do we have enough copies of the agenda for them? ","We haven't printed between   15  and  20 copies of the agenda","critical"
"66","cakes","morethan","positive",5,"primed","The hotel has ordered more than   8 large chocolate cakes for the party tonight","Have we baked enough cakes to fill their order?","The baker has made more than   8 chocolate cakes","critical"
"67","presents","atleast","negative",5,"primed","This year at Christmas, Suzy got at least   15 presents from her aunts, uncles and cousins","Were the relatives equally generous to her sister Tammy?","Tammy didn't get at least   15 presents from her relatives","critical"
"68","builders","some","positive",5,"primed","Last year, the construction company built  houses in all across the country","Has the company also completed some houses this year?","The company has built some houses this year","critical"
"69","jobposting","any","negative",5,"primed","The last time we advertised a job opening,  people applied from all over the country","Has anyone applied so far to the currently advertised job?","We haven't received any applications for the current job opening","critical"
"70","algebra","bare","positive",5,"primed","We predicted that    40 sophomores would register for the advanced algebra class","Are the registrations in line with what we expected?","There are    40 sophomores registered for the class ","critical"
"71","journalist","about","negative",6,"primed","The famous journalist has published about   15 in-depth articles in the New York Times","Has her work appeared as frequently in The Washington Post?","The journalist hasn't written about   15 articles for the Washington Post","critical"
"72","tulips","between","positive",6,"primed","We have space in the garden to plant between   30  and  40 tulips","Is that enough for the tulip bulbs that we bought?","We bought between   30  and  40 tulip bulbs","critical"
"73","tickets","morethan","negative",6,"primed","We have more than   20 free concert tickets available for listeners who call the station today","Is that enough for all the listeners who have called so far?","We haven't gotten calls from more than   20 listeners","critical"
"74","nominees","atleast","positive",6,"primed","Our high school has money for at least   20 scholarships to graduating seniors nominated by their peers","Is that enough for the students who have been nominated so far?","The student body has thought of at least   20 seniors to nominate","critical"
"75","salesmeeting","some","negative",6,"primed","In two weeks,  regional employees will be flying to company headquarters for the annual sales meeting","Have we booked some hotel rooms for them?","We haven't made some hotel reservations","critical"
"76","exam","any","positive",6,"primed","If a student's exam paper contains  misspelled words, it may need to be rewritten","Did Connor's exam paper have any misspelled words?","There were any spelling errors in his exam","critical"
"77","voting","bare","negative",6,"primed","The Board of Elections predicted that    200 overseas voters would vote by mail","Is that how many absentee ballots have been mailed in?","We haven't received    200 absentee ballots","critical"
"78","delegates","about","positive",6,"primed","This afternoon, about   20 delegates will be arriving to attend the convention","Do we have enough copies of the agenda for them? ","We've printed about   20 copies of the agenda","critical"
"79","cakes","between","negative",6,"primed","The hotel has ordered between   6  and  8 large chocolate cakes for the party tonight","Have we baked enough cakes to fill their order?","The baker hasn't made between   6  and  8 chocolate cakes","critical"
"80","presents","morethan","positive",6,"primed","This year at Christmas, Suzy got more than   15 presents from her aunts, uncles and cousins","Were the relatives equally generous to her sister Tammy?","Tammy got more than   15 presents from her relatives","critical"
"81","builders","atleast","negative",6,"primed","Last year, the construction company built at least   80 houses in all across the country","Is the company's performance similar this year?","The company hasn't built at least   80 houses this year","critical"
"82","jobposting","some","positive",6,"primed","The last time we advertised a job opening,  people applied from all over the country","Have some people already applied to the currently advertised job?","We've received some applications for the current job opening","critical"
"83","algebra","any","negative",6,"primed","We predicted that  sophomores would register for the advanced algebra class","Have any sophomores registered so far?","There aren't any sophomores registered for the class","critical"
"84","chairs","bare","positive",6,"primed","This evening,    16 committee members will be coming for the  planning meeting","Do we have enough seats in the meeting room?","We've set up    16 chairs in the meeting room","critical"
"85","tulips","about","negative",7,"primed","We have space in the garden to plant about   40 tulips","Is that enough for the tulip bulbs that we bought?","We didn't buy about   40 tulip bulbs","critical"
"86","tickets","between","positive",7,"primed","We have between   15  and  20 free concert tickets available for listeners who call the station today","Is that enough for all the listeners who have called so far?","We've gotten calls from between   15  and  20 listeners","critical"
"87","nominees","morethan","negative",7,"primed","Our high school has money for more than   20 scholarships to graduating seniors nominated by their peers","Is that enough for the students who have been nominated so far?","The student body hasn't nominated more than   20 seniors","critical"
"88","salesmeeting","atleast","positive",7,"primed","In two weeks, at least   60 regional employees will be flying to company headquarters for the annual sales meeting","Have we booked hotel rooms for them?","We've made at least   60 hotel reservations","critical"
"89","exam","some","negative",7,"primed","If a student's exam paper contains  misspelled words, it may need to be rewritten","Did Connor's exam paper have some misspelled words?","There weren't some spelling errors in his exam","critical"
"90","voting","any","positive",7,"primed","The Board of Elections predicted that  overseas voters would vote by mail","Have any absentee ballots been mailed in so far?","We've received any absentee ballots ","critical"
"91","delegates","bare","negative",7,"primed","This afternoon,    20 delegates will be arriving to attend the convention","Do we have enough copies of the agenda for them? ","We haven't printed    20 copies of the agenda","critical"
"92","cakes","about","positive",7,"primed","The hotel has ordered about   8 large chocolate cakes for the party tonight","Have we baked enough cakes to fill their order?","The baker has made about   8 chocolate cakes","critical"
"93","presents","between","negative",7,"primed","This year at Christmas, Suzy got between   10  and  15 presents from her aunts, uncles and cousins","Were the relatives equally generous to her sister Tammy?","Tammy didn't get between   10  and  15 presents from her relatives","critical"
"94","builders","morethan","positive",7,"primed","Last year, the construction company built more than   80 houses in all across the country","Is the company's performance similar this year?","The company has built more than   80 houses this year","critical"
"95","jobposting","atleast","negative",7,"primed","The last time we advertised a job opening, at least   30 people applied from all over the country","Are we seeing similar results for the currently advertised job?","We haven't received at least   30 applications for the current job opening","critical"
"96","algebra","some","positive",7,"primed","We predicted that  sophomores would register for the advanced algebra class","Have some sophomores already registered?","There are some sophomores registered for the class ","critical"
"97","chairs","any","negative",7,"primed","This evening,  committee members will be coming for the  planning meeting","Are there any seats in the meeting room?","We haven't set up any chairs in the meeting room","critical"
"98","journalist","bare","positive",7,"primed","The famous journalist has published    15 in-depth articles in the New York Times","Has her work appeared as frequently in The Washington Post?","The journalist has written    15 articles for the Washington Post","critical"
"99","tickets","about","negative",8,"primed","We have about   20 free concert tickets available for listeners who call the station today","Is that enough for all the listeners who have called so far?","We haven't gotten calls from about   20 listeners","critical"
"100","nominees","between","positive",8,"primed","Our high school has money for between   15  and  20 scholarships to graduating seniors nominated by their peers","Is that enough for the students who have been nominated so far?","The student body has thought of between   15  and  20 seniors to nominate","critical"
"101","salesmeeting","morethan","negative",8,"primed","In two weeks, more than   60 regional employees will be flying to company headquarters for the annual sales meeting","Have we booked hotel rooms for them?","We haven't made more than   60 hotel reservations","critical"
"102","exam","atleast","positive",8,"primed","If a student's exam paper contains at least   10 misspelled words, it may need to be rewritten","Will Connor's exam paper need to be rewritten?","There were at least   10 spelling errors in his exam","critical"
"103","voting","some","negative",8,"primed","The Board of Elections predicted that  overseas voters would vote by mail","Have some absentee ballots already been mailed in?","We haven't received some absentee ballots","critical"
"104","delegates","any","positive",8,"primed","This afternoon,  delegates will be arriving to attend the convention","Do we have any copies of the agenda for them?","We've printed any copies of the agenda","critical"
"105","cakes","bare","negative",8,"primed","The hotel has ordered    8 large chocolate cakes for the party tonight","Have we baked enough cakes to fill their order?","The baker hasn't made    8 chocolate cakes","critical"
"106","presents","about","positive",8,"primed","This year at Christmas, Suzy got about   15 presents from her aunts, uncles and cousins","Were the relatives equally generous to her sister Tammy?","Tammy got about   15 presents from her relatives","critical"
"107","builders","between","negative",8,"primed","Last year, the construction company built between   70  and  80 houses in all across the country","Is the company's performance similar this year?","The company hasn't built between   70  and  80 houses this year","critical"
"108","jobposting","morethan","positive",8,"primed","The last time we advertised a job opening, more than   30 people applied from all over the country","Are we seeing similar results for the currently advertised job?","We've received more than   30 applications for the current job opening","critical"
"109","algebra","atleast","negative",8,"primed","We predicted that at least   40 sophomores would register for the advanced algebra class","Are the registrations in line with what we expected?","There aren't at least   40 sophomores registered for the class","critical"
"110","chairs","some","positive",8,"primed","This evening,  committee members will be coming for the  planning meeting","Are there some seats in the meeting room?","We've set up some chairs in the meeting room","critical"
"111","journalist","any","negative",8,"primed","The famous journalist has published  in-depth articles in the New York Times","Has she published any articles in the Washington Post?","The journalist hasn't written any articles for the Washington Post","critical"
"112","tulips","bare","positive",8,"primed","We have space in the garden to plant    40 tulips","Is that enough for the tulip bulbs that we bought?","We bought    40 tulip bulbs","critical"
"113","nominees","about","negative",9,"primed","Our high school has money for about   20 scholarships to graduating seniors nominated by their peers","Is that enough for the students who have been nominated so far?","The student body hasn't nominated about   20 seniors","critical"
"114","salesmeeting","between","positive",9,"primed","In two weeks, between   50  and  60 regional employees will be flying to company headquarters for the annual sales meeting","Have we booked hotel rooms for them?","We've made between   50  and  60 hotel reservations","critical"
"115","exam","morethan","negative",9,"primed","If a student's exam paper contains more than   10 misspelled words, it may need to be rewritten","Will Connor's exam paper need to be rewritten?","There weren't more than   10 spelling errors in his exam","critical"
"116","voting","atleast","positive",9,"primed","The Board of Elections predicted that at least   200 overseas voters would vote by mail","Is that how many absentee ballots have been mailed in?","We've received at least   200 absentee ballots ","critical"
"117","delegates","some","negative",9,"primed","This afternoon,  delegates will be arriving to attend the convention","Do we have some copies of the agenda for them?","We haven't printed some copies of the agenda","critical"
"118","cakes","any","positive",9,"primed","The hotel has ordered  large chocolate cakes for the party tonight","Have we baked any cakes to fill their order?","The baker has made any chocolate cakes","critical"
"119","presents","bare","negative",9,"primed","This year at Christmas, Suzy got    15 presents from her aunts, uncles and cousins","Were the relatives equally generous to her sister Tammy?","Tammy didn't get    15 presents from her relatives","critical"
"120","builders","about","positive",9,"primed","Last year, the construction company built about   80 houses in all across the country","Is the company's performance similar this year?","The company has built about   80 houses this year","critical"
"121","jobposting","between","negative",9,"primed","The last time we advertised a job opening, between   20  and  30 people applied from all over the country","Are we seeing similar results for the currently advertised job?","We haven't received between   20  and  30 applications for the current job opening","critical"
"122","algebra","morethan","positive",9,"primed","We predicted that more than   40 sophomores would register for the advanced algebra class","Are the registrations in line with what we expected?","There are more than   40 sophomores registered for the class ","critical"
"123","chairs","atleast","negative",9,"primed","This evening, at least   16 committee members will be coming for the  planning meeting","Do we have enough seats in the meeting room?","We haven't set up at least   16 chairs in the meeting room","critical"
"124","journalist","some","positive",9,"primed","The famous journalist has published  in-depth articles in the New York Times","Has she also published some articles in The Washington Post?","The journalist has written some articles for the Washington Post","critical"
"125","tulips","any","negative",9,"primed","We have space in the garden to plant  tulips","Did we buy any tulip bulbs?","We didn't buy any tulip bulbs","critical"
"126","tickets","bare","positive",9,"primed","We have    20 free concert tickets available for listeners who call the station today","Is that enough for all the listeners who have called so far?","We've gotten calls from    20 listeners","critical"
"127","salesmeeting","about","negative",10,"primed","In two weeks, about   60 regional employees will be flying to company headquarters for the annual sales meeting","Have we booked hotel rooms for them?","We haven't made about   60 hotel reservations","critical"
"128","exam","between","positive",10,"primed","If a student's exam paper contains between   5  and  10 misspelled words, it may need to be rewritten","Will Connor's exam paper need to be rewritten?","There were between   5  and  10 spelling errors in his exam","critical"
"129","voting","morethan","negative",10,"primed","The Board of Elections predicted that more than   200 overseas voters would vote by mail","Is that how many absentee ballots have been mailed in?","We haven't received more than   200 absentee ballots","critical"
"130","delegates","atleast","positive",10,"primed","This afternoon, at least   20 delegates will be arriving to attend the convention","Do we have enough copies of the agenda for them? ","We've printed at least   20 copies of the agenda","critical"
"131","cakes","some","negative",10,"primed","The hotel has ordered  large chocolate cakes for the party tonight","Have we baked some cakes to fill their order?","The baker hasn't made some chocolate cakes","critical"
"132","presents","any","positive",10,"primed","This year at Christmas, Suzy got  presents from her aunts, uncles and cousins","Did her sister Tammy get any presents from her relatives?","Tammy got any presents from her relatives","critical"
"133","builders","bare","negative",10,"primed","Last year, the construction company built    80 houses in all across the country","Is the company's performance similar this year?","The company hasn't built    80 houses this year","critical"
"134","jobposting","about","positive",10,"primed","The last time we advertised a job opening, about   30 people applied from all over the country","Are we seeing similar results for the currently advertised job?","We've received about   30 applications for the current job opening","critical"
"135","algebra","between","negative",10,"primed","We predicted that between   30  and  40 sophomores would register for the advanced algebra class","Are the registrations in line with what we expected?","There aren't between   30  and  40 sophomores registered for the class","critical"
"136","chairs","morethan","positive",10,"primed","This evening, more than   16 committee members will be coming for the  planning meeting","Do we have enough seats in the meeting room?","We've set up more than   16 chairs in the meeting room","critical"
"137","journalist","atleast","negative",10,"primed","The famous journalist has published at least   15 in-depth articles in the New York Times","Has her work appeared as frequently in The Washington Post?","The journalist hasn't written at least   15 articles for the Washington Post","critical"
"138","tulips","some","positive",10,"primed","We have space in the garden to plant  tulips","Did we buy some tulip bulbs?","We bought some tulip bulbs","critical"
"139","tickets","any","negative",10,"primed","We have  free concert tickets available for listeners who call the station today","Have any listeners called so far?","We haven't gotten calls from any listeners","critical"
"140","nominees","bare","positive",10,"primed","Our high school has money for    20 scholarships to graduating seniors nominated by their peers","Is that enough for the students who have been nominated so far?","The student body has thought of    20 seniors to nominate","critical"
"141","exam","about","negative",11,"primed","If a student's exam paper contains about   10 misspelled words, it may need to be rewritten","Will Connor's exam paper need to be rewritten?","There weren't about   10 spelling errors in his exam","critical"
"142","voting","between","positive",11,"primed","The Board of Elections predicted that between   150  and  200 overseas voters would vote by mail","Is that how many absentee ballots have been mailed in?","We've received between   150  and  200 absentee ballots ","critical"
"143","delegates","morethan","negative",11,"primed","This afternoon, more than   20 delegates will be arriving to attend the convention","Do we have enough copies of the agenda for them? ","We haven't printed more than   20 copies of the agenda","critical"
"144","cakes","atleast","positive",11,"primed","The hotel has ordered at least   8 large chocolate cakes for the party tonight","Have we baked enough cakes to fill their order?","The baker has made at least   8 chocolate cakes","critical"
"145","presents","some","negative",11,"primed","This year at Christmas, Suzy got  presents from her aunts, uncles and cousins","Did her sister Tammy also get some presents from her relatives?","Tammy didn't get some presents from her relatives","critical"
"146","builders","any","positive",11,"primed","Last year, the construction company built  houses in all across the country","Has the company completed any houses this year?","The company has built any houses this year","critical"
"147","jobposting","bare","negative",11,"primed","The last time we advertised a job opening,    30 people applied from all over the country","Are we seeing similar results for the currently advertised job?","We haven't received    30 applications for the current job opening","critical"
"148","algebra","about","positive",11,"primed","We predicted that about   40 sophomores would register for the advanced algebra class","Are the registrations in line with what we expected?","There are about   40 sophomores registered for the class ","critical"
"149","chairs","between","negative",11,"primed","This evening, between   14  and  16 committee members will be coming for the  planning meeting","Do we have enough seats in the meeting room?","We haven't set up between   14  and  16 chairs in the meeting room","critical"
"150","journalist","morethan","positive",11,"primed","The famous journalist has published more than   15 in-depth articles in the New York Times","Has her work appeared as frequently in The Washington Post?","The journalist has written more than   15 articles for the Washington Post","critical"
"151","tulips","atleast","negative",11,"primed","We have space in the garden to plant at least   40 tulips","Is that enough for the tulip bulbs that we bought?","We didn't buy at least   40 tulip bulbs","critical"
"152","tickets","some","positive",11,"primed","We have  free concert tickets available for listeners who call the station today","Have some listeners already called?","We've gotten calls from some listeners","critical"
"153","nominees","any","negative",11,"primed","Our high school has money for  scholarships to graduating seniors nominated by their peers","Have any students been nominated so far?","The student body hasn't nominated any seniors","critical"
"154","salesmeeting","bare","positive",11,"primed","In two weeks,    60 regional employees will be flying to company headquarters for the annual sales meeting","Have we booked hotel rooms for them?","We've made    60 hotel reservations","critical"
"155","voting","about","negative",12,"primed","The Board of Elections predicted that about   200 overseas voters would vote by mail","Is that how many absentee ballots have been mailed in?","We haven't received about   200 absentee ballots","critical"
"156","delegates","between","positive",12,"primed","This afternoon, between   15  and  20 delegates will be arriving to attend the convention","Do we have enough copies of the agenda for them? ","We've printed between   15  and  20 copies of the agenda","critical"
"157","cakes","morethan","negative",12,"primed","The hotel has ordered more than   8 large chocolate cakes for the party tonight","Have we baked enough cakes to fill their order?","The baker hasn't made more than   8 chocolate cakes","critical"
"158","presents","atleast","positive",12,"primed","This year at Christmas, Suzy got at least   15 presents from her aunts, uncles and cousins","Were the relatives equally generous to her sister Tammy?","Tammy got at least   15 presents from her relatives","critical"
"159","builders","some","negative",12,"primed","Last year, the construction company built  houses in all across the country","Has the company also completed some houses this year?","The company hasn't built some houses this year","critical"
"160","jobposting","any","positive",12,"primed","The last time we advertised a job opening,  people applied from all over the country","Has anyone applied so far to the currently advertised job?","We've received any applications for the current job opening","critical"
"161","algebra","bare","negative",12,"primed","We predicted that    40 sophomores would register for the advanced algebra class","Are the registrations in line with what we expected?","There aren't    40 sophomores registered for the class","critical"
"162","chairs","about","positive",12,"primed","This evening, about   16 committee members will be coming for the  planning meeting","Do we have enough seats in the meeting room?","We've set up about   16 chairs in the meeting room","critical"
"163","journalist","between","negative",12,"primed","The famous journalist has published between   10  and  15 in-depth articles in the New York Times","Has her work appeared as frequently in The Washington Post?","The journalist hasn't written between   10  and  15 articles for the Washington Post","critical"
"164","tulips","morethan","positive",12,"primed","We have space in the garden to plant more than   40 tulips","Is that enough for the tulip bulbs that we bought?","We bought more than   40 tulip bulbs","critical"
"165","tickets","atleast","negative",12,"primed","We have at least   20 free concert tickets available for listeners who call the station today","Is that enough for all the listeners who have called so far?","We haven't gotten calls from at least   20 listeners","critical"
"166","nominees","some","positive",12,"primed","Our high school has money for  scholarships to graduating seniors nominated by their peers","Have some students already been nominated?","The student body has thought of some seniors to nominate","critical"
"167","salesmeeting","any","negative",12,"primed","In two weeks,  regional employees will be flying to company headquarters for the annual sales meeting","Have we booked any hotel rooms for them?","We haven't made any hotel reservations","critical"
"168","exam","bare","positive",12,"primed","If a student's exam paper contains    10 misspelled words, it may need to be rewritten","Will Connor's exam paper need to be rewritten?","There were    10 spelling errors in his exam","critical"
"169","delegates","about","negative",13,"primed","This afternoon, about   20 delegates will be arriving to attend the convention","Do we have enough copies of the agenda for them? ","We haven't printed about   20 copies of the agenda","critical"
"170","cakes","between","positive",13,"primed","The hotel has ordered between   6  and  8 large chocolate cakes for the party tonight","Have we baked enough cakes to fill their order?","The baker has made between   6  and  8 chocolate cakes","critical"
"171","presents","morethan","negative",13,"primed","This year at Christmas, Suzy got more than   15 presents from her aunts, uncles and cousins","Were the relatives equally generous to her sister Tammy?","Tammy didn't get more than   15 presents from her relatives","critical"
"172","builders","atleast","positive",13,"primed","Last year, the construction company built at least   80 houses in all across the country","Is the company's performance similar this year?","The company has built at least   80 houses this year","critical"
"173","jobposting","some","negative",13,"primed","The last time we advertised a job opening,  people applied from all over the country","Have some people already applied to the currently advertised job?","We haven't received some applications for the current job opening","critical"
"174","algebra","any","positive",13,"primed","We predicted that  sophomores would register for the advanced algebra class","Have any sophomores registered so far?","There are any sophomores registered for the class ","critical"
"175","chairs","bare","negative",13,"primed","This evening,    16 committee members will be coming for the  planning meeting","Do we have enough seats in the meeting room?","We haven't set up    16 chairs in the meeting room","critical"
"176","journalist","about","positive",13,"primed","The famous journalist has published about   15 in-depth articles in the New York Times","Has her work appeared as frequently in The Washington Post?","The journalist has written about   15 articles for the Washington Post","critical"
"177","tulips","between","negative",13,"primed","We have space in the garden to plant between   30  and  40 tulips","Is that enough for the tulip bulbs that we bought?","We didn't buy between   30  and  40 tulip bulbs","critical"
"178","tickets","morethan","positive",13,"primed","We have more than   20 free concert tickets available for listeners who call the station today","Is that enough for all the listeners who have called so far?","We've gotten calls from more than   20 listeners","critical"
"179","nominees","atleast","negative",13,"primed","Our high school has money for at least   20 scholarships to graduating seniors nominated by their peers","Is that enough for the students who have been nominated so far?","The student body hasn't nominated at least   20 seniors","critical"
"180","salesmeeting","some","positive",13,"primed","In two weeks,  regional employees will be flying to company headquarters for the annual sales meeting","Have we booked some hotel rooms for them?","We've made some hotel reservations","critical"
"181","exam","any","negative",13,"primed","If a student's exam paper contains  misspelled words, it may need to be rewritten","Did Connor's exam paper have any misspelled words?","There weren't any spelling errors in his exam","critical"
"182","voting","bare","positive",13,"primed","The Board of Elections predicted that    200 overseas voters would vote by mail","Is that how many absentee ballots have been mailed in?","We've received    200 absentee ballots ","critical"
"183","cakes","about","negative",14,"primed","The hotel has ordered about   8 large chocolate cakes for the party tonight","Have we baked enough cakes to fill their order?","The baker hasn't made about   8 chocolate cakes","critical"
"184","presents","between","positive",14,"primed","This year at Christmas, Suzy got between   10  and  15 presents from her aunts, uncles and cousins","Were the relatives equally generous to her sister Tammy?","Tammy got between   10  and  15 presents from her relatives","critical"
"185","builders","morethan","negative",14,"primed","Last year, the construction company built more than   80 houses in all across the country","Is the company's performance similar this year?","The company hasn't built more than   80 houses this year","critical"
"186","jobposting","atleast","positive",14,"primed","The last time we advertised a job opening, at least   30 people applied from all over the country","Are we seeing similar results for the currently advertised job?","We've received at least   30 applications for the current job opening","critical"
"187","algebra","some","negative",14,"primed","We predicted that  sophomores would register for the advanced algebra class","Have some sophomores already registered?","There aren't some sophomores registered for the class","critical"
"188","chairs","any","positive",14,"primed","This evening,  committee members will be coming for the  planning meeting","Are there any seats in the meeting room?","We've set up any chairs in the meeting room","critical"
"189","journalist","bare","negative",14,"primed","The famous journalist has published    15 in-depth articles in the New York Times","Has her work appeared as frequently in The Washington Post?","The journalist hasn't written    15 articles for the Washington Post","critical"
"190","tulips","about","positive",14,"primed","We have space in the garden to plant about   40 tulips","Is that enough for the tulip bulbs that we bought?","We bought about   40 tulip bulbs","critical"
"191","tickets","between","negative",14,"primed","We have between   15  and  20 free concert tickets available for listeners who call the station today","Is that enough for all the listeners who have called so far?","We haven't gotten calls from between   15  and  20 listeners","critical"
"192","nominees","morethan","positive",14,"primed","Our high school has money for more than   20 scholarships to graduating seniors nominated by their peers","Is that enough for the students who have been nominated so far?","The student body has thought of more than   20 seniors to nominate","critical"
"193","salesmeeting","atleast","negative",14,"primed","In two weeks, at least   60 regional employees will be flying to company headquarters for the annual sales meeting","Have we booked hotel rooms for them?","We haven't made at least   60 hotel reservations","critical"
"194","exam","some","positive",14,"primed","If a student's exam paper contains  misspelled words, it may need to be rewritten","Did Connor's exam paper have some misspelled words?","There were some spelling errors in his exam","critical"
"195","voting","any","negative",14,"primed","The Board of Elections predicted that  overseas voters would vote by mail","Have any absentee ballots been mailed in so far?","We haven't received any absentee ballots","critical"
"196","delegates","bare","positive",14,"primed","This afternoon,    20 delegates will be arriving to attend the convention","Do we have enough copies of the agenda for them? ","We've printed    20 copies of the agenda","critical"
"197","presents","about","negative",1,"neutral","This year at Christmas, Suzy got  presents from her aunts, uncles and cousins","How generous were the relatives to her sister Tammy?","Tammy didn't get about   15 presents from her relatives","critical"
"198","builders","between","positive",1,"neutral","Last year, the construction company built  houses in all across the country","How has the company's performance been this year?","The company has built between   70  and  80 houses this year","critical"
"199","jobposting","morethan","negative",1,"neutral","The last time we advertised a job opening,  people applied from all over the country","How many people have applied to the currently advertised job?","We haven't received more than   30 applications for the current job opening","critical"
"200","algebra","atleast","positive",1,"neutral","We predicted that  sophomores would register for the advanced algebra class","How many sophomores have registered so far?","There are at least   40 sophomores registered for the class ","critical"
"201","tulips","bare","negative",1,"neutral","We have space in the garden to plant  tulips","How many tulip bulbs did we buy?","We didn't buy    40 tulip bulbs","critical"
"202","tickets","about","positive",1,"neutral","We have  free concert tickets available for listeners who call the station today","How many listeners have called so far?","We've gotten calls from about   20 listeners","critical"
"203","nominees","between","negative",1,"neutral","Our high school has money for  scholarships to graduating seniors nominated by their peers","How many students have been nominated so far?","The student body hasn't nominated between   15  and  20 seniors","critical"
"204","salesmeeting","morethan","positive",1,"neutral","In two weeks,  regional employees will be flying to company headquarters for the annual sales meeting","How many hotel rooms have we booked for them?","We've made more than   60 hotel reservations","critical"
"205","exam","atleast","negative",1,"neutral","If a student's exam paper contains  misspelled words, it may need to be rewritten","How many misspelled words were there in Connor's exam paper?","There weren't at least   10 spelling errors in his exam","critical"
"206","cakes","bare","positive",1,"neutral","The hotel has ordered  large chocolate cakes for the party tonight","How many cakes have we baked so far?","The baker has made    8 chocolate cakes","critical"
"207","builders","about","negative",2,"neutral","Last year, the construction company built  houses in all across the country","How has the company's performance been this year?","The company hasn't built about   80 houses this year","critical"
"208","jobposting","between","positive",2,"neutral","The last time we advertised a job opening,  people applied from all over the country","How many people have applied to the currently advertised job?","We've received between   20  and  30 applications for the current job opening","critical"
"209","algebra","morethan","negative",2,"neutral","We predicted that  sophomores would register for the advanced algebra class","How many sophomores have registered so far?","There aren't more than   40 sophomores registered for the class","critical"
"210","chairs","atleast","positive",2,"neutral","This evening,  committee members will be coming for the  planning meeting","How many seats are there in the meeting room?","We've set up at least   16 chairs in the meeting room","critical"
"211","tickets","bare","negative",2,"neutral","We have  free concert tickets available for listeners who call the station today","How many listeners have called so far?","We haven't gotten calls from    20 listeners","critical"
"212","nominees","about","positive",2,"neutral","Our high school has money for  scholarships to graduating seniors nominated by their peers","How many students have been nominated so far?","The student body has thought of about   20 seniors to nominate","critical"
"213","salesmeeting","between","negative",2,"neutral","In two weeks,  regional employees will be flying to company headquarters for the annual sales meeting","How many hotel rooms have we booked for them?","We haven't made between   50  and  60 hotel reservations","critical"
"214","exam","morethan","positive",2,"neutral","If a student's exam paper contains  misspelled words, it may need to be rewritten","How many misspelled words were there in Connor's exam paper?","There were more than   10 spelling errors in his exam","critical"
"215","voting","atleast","negative",2,"neutral","The Board of Elections predicted that  overseas voters would vote by mail","How many absentee ballots have been mailed in so far?","We haven't received at least   200 absentee ballots","critical"
"216","presents","bare","positive",2,"neutral","This year at Christmas, Suzy got  presents from her aunts, uncles and cousins","How generous were the relatives to her sister Tammy?","Tammy got    15 presents from her relatives","critical"
"217","jobposting","about","negative",3,"neutral","The last time we advertised a job opening,  people applied from all over the country","How many people have applied to the currently advertised job?","We haven't received about   30 applications for the current job opening","critical"
"218","algebra","between","positive",3,"neutral","We predicted that  sophomores would register for the advanced algebra class","How many sophomores have registered so far?","There are between   30  and  40 sophomores registered for the class ","critical"
"219","chairs","morethan","negative",3,"neutral","This evening,  committee members will be coming for the  planning meeting","How many seats are there in the meeting room?","We haven't set up more than   16 chairs in the meeting room","critical"
"220","journalist","atleast","positive",3,"neutral","The famous journalist has published  in-depth articles in the New York Times","How frequently has her work appeared in the Washington Post?","The journalist has written at least   15 articles for the Washington Post","critical"
"221","nominees","bare","negative",3,"neutral","Our high school has money for  scholarships to graduating seniors nominated by their peers","How many students have been nominated so far?","The student body hasn't nominated    20 seniors","critical"
"222","salesmeeting","about","positive",3,"neutral","In two weeks,  regional employees will be flying to company headquarters for the annual sales meeting","How many hotel rooms have we booked for them?","We've made about   60 hotel reservations","critical"
"223","exam","between","negative",3,"neutral","If a student's exam paper contains  misspelled words, it may need to be rewritten","How many misspelled words were there in Connor's exam paper?","There weren't between   5  and  10 spelling errors in his exam","critical"
"224","voting","morethan","positive",3,"neutral","The Board of Elections predicted that  overseas voters would vote by mail","How many absentee ballots have been mailed in so far?","We've received more than   200 absentee ballots ","critical"
"225","delegates","atleast","negative",3,"neutral","This afternoon,  delegates will be arriving to attend the convention","How many copies of the agenda do we have for them?","We haven't printed at least   20 copies of the agenda","critical"
"226","builders","bare","positive",3,"neutral","Last year, the construction company built  houses in all across the country","How has the company's performance been this year?","The company has built    80 houses this year","critical"
"227","algebra","about","negative",4,"neutral","We predicted that  sophomores would register for the advanced algebra class","How many sophomores have registered so far?","There aren't about   40 sophomores registered for the class","critical"
"228","chairs","between","positive",4,"neutral","This evening,  committee members will be coming for the  planning meeting","How many seats are there in the meeting room?","We've set up between   14  and  16 chairs in the meeting room","critical"
"229","journalist","morethan","negative",4,"neutral","The famous journalist has published  in-depth articles in the New York Times","How frequently has her work appeared in the Washington Post?","The journalist hasn't written more than   15 articles for the Washington Post","critical"
"230","tulips","atleast","positive",4,"neutral","We have space in the garden to plant  tulips","How many tulip bulbs did we buy?","We bought at least   40 tulip bulbs","critical"
"231","salesmeeting","bare","negative",4,"neutral","In two weeks,  regional employees will be flying to company headquarters for the annual sales meeting","How many hotel rooms have we booked for them?","We haven't made    60 hotel reservations","critical"
"232","exam","about","positive",4,"neutral","If a student's exam paper contains  misspelled words, it may need to be rewritten","How many misspelled words were there in Connor's exam paper?","There were about   10 spelling errors in his exam","critical"
"233","voting","between","negative",4,"neutral","The Board of Elections predicted that  overseas voters would vote by mail","How many absentee ballots have been mailed in so far?","We haven't received between   150  and  200 absentee ballots","critical"
"234","delegates","morethan","positive",4,"neutral","This afternoon,  delegates will be arriving to attend the convention","How many copies of the agenda do we have for them?","We've printed more than   20 copies of the agenda","critical"
"235","cakes","atleast","negative",4,"neutral","The hotel has ordered  large chocolate cakes for the party tonight","How many cakes have we baked so far?","The baker hasn't made at least   8 chocolate cakes","critical"
"236","jobposting","bare","positive",4,"neutral","The last time we advertised a job opening,  people applied from all over the country","How many people have applied to the currently advertised job?","We've received    30 applications for the current job opening","critical"
"237","chairs","about","negative",5,"neutral","This evening,  committee members will be coming for the  planning meeting","How many seats are there in the meeting room?","We haven't set up about   16 chairs in the meeting room","critical"
"238","journalist","between","positive",5,"neutral","The famous journalist has published  in-depth articles in the New York Times","How frequently has her work appeared in the Washington Post?","The journalist has written between   10  and  15 articles for the Washington Post","critical"
"239","tulips","morethan","negative",5,"neutral","We have space in the garden to plant  tulips","How many tulip bulbs did we buy?","We didn't buy more than   40 tulip bulbs","critical"
"240","tickets","atleast","positive",5,"neutral","We have  free concert tickets available for listeners who call the station today","How many listeners have called so far?","We've gotten calls from at least   20 listeners","critical"
"241","exam","bare","negative",5,"neutral","If a student's exam paper contains  misspelled words, it may need to be rewritten","How many misspelled words were there in Connor's exam paper?","There weren't    10 spelling errors in his exam","critical"
"242","voting","about","positive",5,"neutral","The Board of Elections predicted that  overseas voters would vote by mail","How many absentee ballots have been mailed in so far?","We've received about   200 absentee ballots ","critical"
"243","delegates","between","negative",5,"neutral","This afternoon,  delegates will be arriving to attend the convention","How many copies of the agenda do we have for them?","We haven't printed between   15  and  20 copies of the agenda","critical"
"244","cakes","morethan","positive",5,"neutral","The hotel has ordered  large chocolate cakes for the party tonight","How many cakes have we baked so far?","The baker has made more than   8 chocolate cakes","critical"
"245","presents","atleast","negative",5,"neutral","This year at Christmas, Suzy got  presents from her aunts, uncles and cousins","How generous were the relatives to her sister Tammy?","Tammy didn't get at least   15 presents from her relatives","critical"
"246","algebra","bare","positive",5,"neutral","We predicted that  sophomores would register for the advanced algebra class","How many sophomores have registered so far?","There are    40 sophomores registered for the class ","critical"
"247","journalist","about","negative",6,"neutral","The famous journalist has published  in-depth articles in the New York Times","How frequently has her work appeared in the Washington Post?","The journalist hasn't written about   15 articles for the Washington Post","critical"
"248","tulips","between","positive",6,"neutral","We have space in the garden to plant  tulips","How many tulip bulbs did we buy?","We bought between   30  and  40 tulip bulbs","critical"
"249","tickets","morethan","negative",6,"neutral","We have  free concert tickets available for listeners who call the station today","How many listeners have called so far?","We haven't gotten calls from more than   20 listeners","critical"
"250","nominees","atleast","positive",6,"neutral","Our high school has money for  scholarships to graduating seniors nominated by their peers","How many students have been nominated so far?","The student body has thought of at least   20 seniors to nominate","critical"
"251","voting","bare","negative",6,"neutral","The Board of Elections predicted that  overseas voters would vote by mail","How many absentee ballots have been mailed in so far?","We haven't received    200 absentee ballots","critical"
"252","delegates","about","positive",6,"neutral","This afternoon,  delegates will be arriving to attend the convention","How many copies of the agenda do we have for them?","We've printed about   20 copies of the agenda","critical"
"253","cakes","between","negative",6,"neutral","The hotel has ordered  large chocolate cakes for the party tonight","How many cakes have we baked so far?","The baker hasn't made between   6  and  8 chocolate cakes","critical"
"254","presents","morethan","positive",6,"neutral","This year at Christmas, Suzy got  presents from her aunts, uncles and cousins","How generous were the relatives to her sister Tammy?","Tammy got more than   15 presents from her relatives","critical"
"255","builders","atleast","negative",6,"neutral","Last year, the construction company built  houses in all across the country","How has the company's performance been this year?","The company hasn't built at least   80 houses this year","critical"
"256","chairs","bare","positive",6,"neutral","This evening,  committee members will be coming for the  planning meeting","How many seats are there in the meeting room?","We've set up    16 chairs in the meeting room","critical"
"257","tulips","about","negative",7,"neutral","We have space in the garden to plant  tulips","How many tulip bulbs did we buy?","We didn't buy about   40 tulip bulbs","critical"
"258","tickets","between","positive",7,"neutral","We have  free concert tickets available for listeners who call the station today","How many listeners have called so far?","We've gotten calls from between   15  and  20 listeners","critical"
"259","nominees","morethan","negative",7,"neutral","Our high school has money for  scholarships to graduating seniors nominated by their peers","How many students have been nominated so far?","The student body hasn't nominated more than   20 seniors","critical"
"260","salesmeeting","atleast","positive",7,"neutral","In two weeks,  regional employees will be flying to company headquarters for the annual sales meeting","How many hotel rooms have we booked for them?","We've made at least   60 hotel reservations","critical"
"261","delegates","bare","negative",7,"neutral","This afternoon,  delegates will be arriving to attend the convention","How many copies of the agenda do we have for them?","We haven't printed    20 copies of the agenda","critical"
"262","cakes","about","positive",7,"neutral","The hotel has ordered  large chocolate cakes for the party tonight","How many cakes have we baked so far?","The baker has made about   8 chocolate cakes","critical"
"263","presents","between","negative",7,"neutral","This year at Christmas, Suzy got  presents from her aunts, uncles and cousins","How generous were the relatives to her sister Tammy?","Tammy didn't get between   10  and  15 presents from her relatives","critical"
"264","builders","morethan","positive",7,"neutral","Last year, the construction company built  houses in all across the country","How has the company's performance been this year?","The company has built more than   80 houses this year","critical"
"265","jobposting","atleast","negative",7,"neutral","The last time we advertised a job opening,  people applied from all over the country","How many people have applied to the currently advertised job?","We haven't received at least   30 applications for the current job opening","critical"
"266","journalist","bare","positive",7,"neutral","The famous journalist has published  in-depth articles in the New York Times","How frequently has her work appeared in the Washington Post?","The journalist has written    15 articles for the Washington Post","critical"
"267","tickets","about","negative",8,"neutral","We have  free concert tickets available for listeners who call the station today","How many listeners have called so far?","We haven't gotten calls from about   20 listeners","critical"
"268","nominees","between","positive",8,"neutral","Our high school has money for  scholarships to graduating seniors nominated by their peers","How many students have been nominated so far?","The student body has thought of between   15  and  20 seniors to nominate","critical"
"269","salesmeeting","morethan","negative",8,"neutral","In two weeks,  regional employees will be flying to company headquarters for the annual sales meeting","How many hotel rooms have we booked for them?","We haven't made more than   60 hotel reservations","critical"
"270","exam","atleast","positive",8,"neutral","If a student's exam paper contains  misspelled words, it may need to be rewritten","How many misspelled words were there in Connor's exam paper?","There were at least   10 spelling errors in his exam","critical"
"271","cakes","bare","negative",8,"neutral","The hotel has ordered  large chocolate cakes for the party tonight","How many cakes have we baked so far?","The baker hasn't made    8 chocolate cakes","critical"
"272","presents","about","positive",8,"neutral","This year at Christmas, Suzy got  presents from her aunts, uncles and cousins","How generous were the relatives to her sister Tammy?","Tammy got about   15 presents from her relatives","critical"
"273","builders","between","negative",8,"neutral","Last year, the construction company built  houses in all across the country","How has the company's performance been this year?","The company hasn't built between   70  and  80 houses this year","critical"
"274","jobposting","morethan","positive",8,"neutral","The last time we advertised a job opening,  people applied from all over the country","How many people have applied to the currently advertised job?","We've received more than   30 applications for the current job opening","critical"
"275","algebra","atleast","negative",8,"neutral","We predicted that  sophomores would register for the advanced algebra class","How many sophomores have registered so far?","There aren't at least   40 sophomores registered for the class","critical"
"276","tulips","bare","positive",8,"neutral","We have space in the garden to plant  tulips","How many tulip bulbs did we buy?","We bought    40 tulip bulbs","critical"
"277","nominees","about","negative",9,"neutral","Our high school has money for  scholarships to graduating seniors nominated by their peers","How many students have been nominated so far?","The student body hasn't nominated about   20 seniors","critical"
"278","salesmeeting","between","positive",9,"neutral","In two weeks,  regional employees will be flying to company headquarters for the annual sales meeting","How many hotel rooms have we booked for them?","We've made between   50  and  60 hotel reservations","critical"
"279","exam","morethan","negative",9,"neutral","If a student's exam paper contains  misspelled words, it may need to be rewritten","How many misspelled words were there in Connor's exam paper?","There weren't more than   10 spelling errors in his exam","critical"
"280","voting","atleast","positive",9,"neutral","The Board of Elections predicted that  overseas voters would vote by mail","How many absentee ballots have been mailed in so far?","We've received at least   200 absentee ballots ","critical"
"281","presents","bare","negative",9,"neutral","This year at Christmas, Suzy got  presents from her aunts, uncles and cousins","How generous were the relatives to her sister Tammy?","Tammy didn't get    15 presents from her relatives","critical"
"282","builders","about","positive",9,"neutral","Last year, the construction company built  houses in all across the country","How has the company's performance been this year?","The company has built about   80 houses this year","critical"
"283","jobposting","between","negative",9,"neutral","The last time we advertised a job opening,  people applied from all over the country","How many people have applied to the currently advertised job?","We haven't received between   20  and  30 applications for the current job opening","critical"
"284","algebra","morethan","positive",9,"neutral","We predicted that  sophomores would register for the advanced algebra class","How many sophomores have registered so far?","There are more than   40 sophomores registered for the class ","critical"
"285","chairs","atleast","negative",9,"neutral","This evening,  committee members will be coming for the  planning meeting","How many seats are there in the meeting room?","We haven't set up at least   16 chairs in the meeting room","critical"
"286","tickets","bare","positive",9,"neutral","We have  free concert tickets available for listeners who call the station today","How many listeners have called so far?","We've gotten calls from    20 listeners","critical"
"287","salesmeeting","about","negative",10,"neutral","In two weeks,  regional employees will be flying to company headquarters for the annual sales meeting","How many hotel rooms have we booked for them?","We haven't made about   60 hotel reservations","critical"
"288","exam","between","positive",10,"neutral","If a student's exam paper contains  misspelled words, it may need to be rewritten","How many misspelled words were there in Connor's exam paper?","There were between   5  and  10 spelling errors in his exam","critical"
"289","voting","morethan","negative",10,"neutral","The Board of Elections predicted that  overseas voters would vote by mail","How many absentee ballots have been mailed in so far?","We haven't received more than   200 absentee ballots","critical"
"290","delegates","atleast","positive",10,"neutral","This afternoon,  delegates will be arriving to attend the convention","How many copies of the agenda do we have for them?","We've printed at least   20 copies of the agenda","critical"
"291","builders","bare","negative",10,"neutral","Last year, the construction company built  houses in all across the country","How has the company's performance been this year?","The company hasn't built    80 houses this year","critical"
"292","jobposting","about","positive",10,"neutral","The last time we advertised a job opening,  people applied from all over the country","How many people have applied to the currently advertised job?","We've received about   30 applications for the current job opening","critical"
"293","algebra","between","negative",10,"neutral","We predicted that  sophomores would register for the advanced algebra class","How many sophomores have registered so far?","There aren't between   30  and  40 sophomores registered for the class","critical"
"294","chairs","morethan","positive",10,"neutral","This evening,  committee members will be coming for the  planning meeting","How many seats are there in the meeting room?","We've set up more than   16 chairs in the meeting room","critical"
"295","journalist","atleast","negative",10,"neutral","The famous journalist has published  in-depth articles in the New York Times","How frequently has her work appeared in the Washington Post?","The journalist hasn't written at least   15 articles for the Washington Post","critical"
"296","nominees","bare","positive",10,"neutral","Our high school has money for  scholarships to graduating seniors nominated by their peers","How many students have been nominated so far?","The student body has thought of    20 seniors to nominate","critical"
"297","exam","about","negative",11,"neutral","If a student's exam paper contains  misspelled words, it may need to be rewritten","How many misspelled words were there in Connor's exam paper?","There weren't about   10 spelling errors in his exam","critical"
"298","voting","between","positive",11,"neutral","The Board of Elections predicted that  overseas voters would vote by mail","How many absentee ballots have been mailed in so far?","We've received between   150  and  200 absentee ballots ","critical"
"299","delegates","morethan","negative",11,"neutral","This afternoon,  delegates will be arriving to attend the convention","How many copies of the agenda do we have for them?","We haven't printed more than   20 copies of the agenda","critical"
"300","cakes","atleast","positive",11,"neutral","The hotel has ordered  large chocolate cakes for the party tonight","How many cakes have we baked so far?","The baker has made at least   8 chocolate cakes","critical"
"301","jobposting","bare","negative",11,"neutral","The last time we advertised a job opening,  people applied from all over the country","How many people have applied to the currently advertised job?","We haven't received    30 applications for the current job opening","critical"
"302","algebra","about","positive",11,"neutral","We predicted that  sophomores would register for the advanced algebra class","How many sophomores have registered so far?","There are about   40 sophomores registered for the class ","critical"
"303","chairs","between","negative",11,"neutral","This evening,  committee members will be coming for the  planning meeting","How many seats are there in the meeting room?","We haven't set up between   14  and  16 chairs in the meeting room","critical"
"304","journalist","morethan","positive",11,"neutral","The famous journalist has published  in-depth articles in the New York Times","How frequently has her work appeared in the Washington Post?","The journalist has written more than   15 articles for the Washington Post","critical"
"305","tulips","atleast","negative",11,"neutral","We have space in the garden to plant  tulips","How many tulip bulbs did we buy?","We didn't buy at least   40 tulip bulbs","critical"
"306","salesmeeting","bare","positive",11,"neutral","In two weeks,  regional employees will be flying to company headquarters for the annual sales meeting","How many hotel rooms have we booked for them?","We've made    60 hotel reservations","critical"
"307","voting","about","negative",12,"neutral","The Board of Elections predicted that  overseas voters would vote by mail","How many absentee ballots have been mailed in so far?","We haven't received about   200 absentee ballots","critical"
"308","delegates","between","positive",12,"neutral","This afternoon,  delegates will be arriving to attend the convention","How many copies of the agenda do we have for them?","We've printed between   15  and  20 copies of the agenda","critical"
"309","cakes","morethan","negative",12,"neutral","The hotel has ordered  large chocolate cakes for the party tonight","How many cakes have we baked so far?","The baker hasn't made more than   8 chocolate cakes","critical"
"310","presents","atleast","positive",12,"neutral","This year at Christmas, Suzy got  presents from her aunts, uncles and cousins","How generous were the relatives to her sister Tammy?","Tammy got at least   15 presents from her relatives","critical"
"311","algebra","bare","negative",12,"neutral","We predicted that  sophomores would register for the advanced algebra class","How many sophomores have registered so far?","There aren't    40 sophomores registered for the class","critical"
"312","chairs","about","positive",12,"neutral","This evening,  committee members will be coming for the  planning meeting","How many seats are there in the meeting room?","We've set up about   16 chairs in the meeting room","critical"
"313","journalist","between","negative",12,"neutral","The famous journalist has published  in-depth articles in the New York Times","How frequently has her work appeared in the Washington Post?","The journalist hasn't written between   10  and  15 articles for the Washington Post","critical"
"314","tulips","morethan","positive",12,"neutral","We have space in the garden to plant  tulips","How many tulip bulbs did we buy?","We bought more than   40 tulip bulbs","critical"
"315","tickets","atleast","negative",12,"neutral","We have  free concert tickets available for listeners who call the station today","How many listeners have called so far?","We haven't gotten calls from at least   20 listeners","critical"
"316","exam","bare","positive",12,"neutral","If a student's exam paper contains  misspelled words, it may need to be rewritten","How many misspelled words were there in Connor's exam paper?","There were    10 spelling errors in his exam","critical"
"317","delegates","about","negative",13,"neutral","This afternoon,  delegates will be arriving to attend the convention","How many copies of the agenda do we have for them?","We haven't printed about   20 copies of the agenda","critical"
"318","cakes","between","positive",13,"neutral","The hotel has ordered  large chocolate cakes for the party tonight","How many cakes have we baked so far?","The baker has made between   6  and  8 chocolate cakes","critical"
"319","presents","morethan","negative",13,"neutral","This year at Christmas, Suzy got  presents from her aunts, uncles and cousins","How generous were the relatives to her sister Tammy?","Tammy didn't get more than   15 presents from her relatives","critical"
"320","builders","atleast","positive",13,"neutral","Last year, the construction company built  houses in all across the country","How has the company's performance been this year?","The company has built at least   80 houses this year","critical"
"321","chairs","bare","negative",13,"neutral","This evening,  committee members will be coming for the  planning meeting","How many seats are there in the meeting room?","We haven't set up    16 chairs in the meeting room","critical"
"322","journalist","about","positive",13,"neutral","The famous journalist has published  in-depth articles in the New York Times","How frequently has her work appeared in the Washington Post?","The journalist has written about   15 articles for the Washington Post","critical"
"323","tulips","between","negative",13,"neutral","We have space in the garden to plant  tulips","How many tulip bulbs did we buy?","We didn't buy between   30  and  40 tulip bulbs","critical"
"324","tickets","morethan","positive",13,"neutral","We have  free concert tickets available for listeners who call the station today","How many listeners have called so far?","We've gotten calls from more than   20 listeners","critical"
"325","nominees","atleast","negative",13,"neutral","Our high school has money for  scholarships to graduating seniors nominated by their peers","How many students have been nominated so far?","The student body hasn't nominated at least   20 seniors","critical"
"326","voting","bare","positive",13,"neutral","The Board of Elections predicted that  overseas voters would vote by mail","How many absentee ballots have been mailed in so far?","We've received    200 absentee ballots ","critical"
"327","cakes","about","negative",14,"neutral","The hotel has ordered  large chocolate cakes for the party tonight","How many cakes have we baked so far?","The baker hasn't made about   8 chocolate cakes","critical"
"328","presents","between","positive",14,"neutral","This year at Christmas, Suzy got  presents from her aunts, uncles and cousins","How generous were the relatives to her sister Tammy?","Tammy got between   10  and  15 presents from her relatives","critical"
"329","builders","morethan","negative",14,"neutral","Last year, the construction company built  houses in all across the country","How has the company's performance been this year?","The company hasn't built more than   80 houses this year","critical"
"330","jobposting","atleast","positive",14,"neutral","The last time we advertised a job opening,  people applied from all over the country","How many people have applied to the currently advertised job?","We've received at least   30 applications for the current job opening","critical"
"331","journalist","bare","negative",14,"neutral","The famous journalist has published  in-depth articles in the New York Times","How frequently has her work appeared in the Washington Post?","The journalist hasn't written    15 articles for the Washington Post","critical"
"332","tulips","about","positive",14,"neutral","We have space in the garden to plant  tulips","How many tulip bulbs did we buy?","We bought about   40 tulip bulbs","critical"
"333","tickets","between","negative",14,"neutral","We have  free concert tickets available for listeners who call the station today","How many listeners have called so far?","We haven't gotten calls from between   15  and  20 listeners","critical"
"334","nominees","morethan","positive",14,"neutral","Our high school has money for  scholarships to graduating seniors nominated by their peers","How many students have been nominated so far?","The student body has thought of more than   20 seniors to nominate","critical"
"335","salesmeeting","atleast","negative",14,"neutral","In two weeks,  regional employees will be flying to company headquarters for the annual sales meeting","How many hotel rooms have we booked for them?","We haven't made at least   60 hotel reservations","critical"
"336","delegates","bare","positive",14,"neutral","This afternoon,  delegates will be arriving to attend the convention","How many copies of the agenda do we have for them?","We've printed    20 copies of the agenda","critical"
